USER_ID,ITEM_ID,TIMESTAMP
0,bread - Grilled Cheese,726
0,bread - Grilled Cheese and Tomato Soup,726
0,beef - Hearty Beef Stew,726
0,rice - Beef and broccoli stir fry,726
0,rice - Chicken Curry with Basmati Rice,726
0,rice - General Tso Chicken,726
0,rice - Mushroom Risotto,726
0,vegetables - Chicken Soup,726
0,vegetables - Vegetable Soup,726
0,postMan - proud-otter-55,726
0,postMan - proud-otter-92,726
0,postMan - swift-panda-46,726
0,pasta - Chicken Alfredo,726
0,pasta - Chicken Spaghetti,726
0,pasta - Shrimp Scampi Pasta,726
0,pasta - Spaghetti with Tomato Sauce,726
0,rice noodles - Chicken Phad Thai,726
0,rice noodles - Tofu Phad Thai,726
0,shrimp - Grilled Shrimp Skewers with Mango Salsa,726
0,tofu - Tofu and Mixed Vegetable Stir-Fry,726
0,tofu - Tofu and Vegetable Stir Fry,726
0,tofu - Vegetable Stir Fry with Tofu,726
0,romaine lettuce - Caesar Salad,726
0,chicken breast - Grilled Chicken Salad with Citrus Vinaigrette,726
0,steak - Steak with Roasted Potatoes and Green Beans,726
0,chicken - Chicken Fajita Bowl with Cilantro Lime Rice,726
0,chicken - Chicken Parmesan,726
0,chicken - Grilled Chicken Salad with Citrus Vinaigrette,726
0,black beans - Black Bean and Sweet Potato Chili,726
0,salmon - Baked Salmon with Lemon and Herbs,726
0,salmon - Grilled Salmon with Roasted Vegetables,726
0,tortilla - Tofu Nachos,726
0,tortilla - Tofu Tacos,726
0,english muffin - Eggs Benedict,726
0,pork - Grilled Pork Chops with Sweet Potato Mash,726
0,vegetarian - Vegetarian Stuffed Bell Peppers,726
0,WebApp - From Web App w/new keys,726
0,WebApp - Test web app,726
0,wrap - Falafel Wrap,726
0,ec2 - From EC2!!!,726
29,wrap - Falafel Wrap,299
19,bread - Grilled Cheese,621
18,salmon - Grilled Salmon with Roasted Vegetables,458
12,vegetarian - Vegetarian Stuffed Bell Peppers,921
18,bread - Grilled Cheese,314
26,tortilla - Tofu Tacos,761
6,beef - Hearty Beef Stew,585
24,salmon - Grilled Salmon with Roasted Vegetables,790
5,wrap - Falafel Wrap,553
11,rice - Beef and broccoli stir fry,876
6,tortilla - Tofu Tacos,957
15,tofu - Tofu and Mixed Vegetable Stir-Fry,896
14,WebApp - Test web app,709
28,english muffin - Eggs Benedict,355
24,tofu - Vegetable Stir Fry with Tofu,257
28,tortilla - Tofu Tacos,979
24,tofu - Tofu and Mixed Vegetable Stir-Fry,71
29,pasta - Chicken Spaghetti,938
3,chicken - Chicken Fajita Bowl with Cilantro Lime Rice,787
28,salmon - Grilled Salmon with Roasted Vegetables,704
7,wrap - Falafel Wrap,785
28,bread - Grilled Cheese and Tomato Soup,24
13,beef - Hearty Beef Stew,962
16,vegetarian - Vegetarian Stuffed Bell Peppers,278
7,black beans - Black Bean and Sweet Potato Chili,78
9,WebApp - From Web App w/new keys,468
5,tortilla - Tofu Tacos,712
3,tofu - Tofu and Mixed Vegetable Stir-Fry,114
1,tofu - Tofu and Mixed Vegetable Stir-Fry,535
27,shrimp - Grilled Shrimp Skewers with Mango Salsa,114
3,salmon - Grilled Salmon with Roasted Vegetables,278
6,salmon - Grilled Salmon with Roasted Vegetables,556
23,ec2 - From EC2!!!,425
14,shrimp - Grilled Shrimp Skewers with Mango Salsa,67
23,romaine lettuce - Caesar Salad,867
14,tofu - Tofu and Mixed Vegetable Stir-Fry,403
3,romaine lettuce - Caesar Salad,978
3,tortilla - Tofu Tacos,214
22,salmon - Grilled Salmon with Roasted Vegetables,489
24,postMan - proud-otter-92,465
21,ec2 - From EC2!!!,242
5,chicken - Chicken Fajita Bowl with Cilantro Lime Rice,790
10,salmon - Baked Salmon with Lemon and Herbs,390
16,bread - Grilled Cheese and Tomato Soup,46
24,black beans - Black Bean and Sweet Potato Chili,110
25,bread - Grilled Cheese,164
22,vegetarian - Vegetarian Stuffed Bell Peppers,258
11,pasta - Chicken Spaghetti,776
29,tofu - Tofu and Vegetable Stir Fry,811
17,vegetarian - Vegetarian Stuffed Bell Peppers,349
28,black beans - Black Bean and Sweet Potato Chili,900
2,tofu - Tofu and Mixed Vegetable Stir-Fry,674
25,WebApp - From Web App w/new keys,748
5,tortilla - Tofu Tacos,560
10,tofu - Tofu and Mixed Vegetable Stir-Fry,491
8,salmon - Grilled Salmon with Roasted Vegetables,536
15,chicken - Chicken Parmesan,707
11,salmon - Grilled Salmon with Roasted Vegetables,379
12,chicken breast - Grilled Chicken Salad with Citrus Vinaigrette,438
3,WebApp - From Web App w/new keys,920
27,steak - Steak with Roasted Potatoes and Green Beans,574
29,romaine lettuce - Caesar Salad,831
22,pork - Grilled Pork Chops with Sweet Potato Mash,328
14,tofu - Tofu and Mixed Vegetable Stir-Fry,211
23,chicken - Grilled Chicken Salad with Citrus Vinaigrette,361
14,chicken breast - Grilled Chicken Salad with Citrus Vinaigrette,598
24,tortilla - Tofu Tacos,454
29,beef - Hearty Beef Stew,815
15,beef - Hearty Beef Stew,400
9,salmon - Baked Salmon with Lemon and Herbs,340
3,WebApp - From Web App w/new keys,822
24,vegetables - Chicken Soup,699
17,salmon - Baked Salmon with Lemon and Herbs,502
12,chicken breast - Grilled Chicken Salad with Citrus Vinaigrette,964
28,wrap - Falafel Wrap,457
24,vegetables - Vegetable Soup,634
1,rice - Beef and broccoli stir fry,14
29,postMan - proud-otter-92,715
22,tortilla - Tofu Tacos,254
5,vegetables - Vegetable Soup,262
11,steak - Steak with Roasted Potatoes and Green Beans,830
21,chicken breast - Grilled Chicken Salad with Citrus Vinaigrette,655
12,vegetables - Vegetable Soup,687
25,vegetables - Vegetable Soup,44
27,tofu - Tofu and Vegetable Stir Fry,711
29,rice - Chicken Curry with Basmati Rice,375
25,WebApp - Test web app,248
7,wrap - Falafel Wrap,648
18,pork - Grilled Pork Chops with Sweet Potato Mash,990
4,rice - Mushroom Risotto,673
12,tofu - Vegetable Stir Fry with Tofu,261
4,beef - Hearty Beef Stew,158
1,salmon - Grilled Salmon with Roasted Vegetables,911
11,vegetarian - Vegetarian Stuffed Bell Peppers,605
19,tofu - Tofu and Mixed Vegetable Stir-Fry,113
4,vegetarian - Vegetarian Stuffed Bell Peppers,377
8,beef - Hearty Beef Stew,582
27,tofu - Tofu and Mixed Vegetable Stir-Fry,834
13,tortilla - Tofu Tacos,805
6,chicken breast - Grilled Chicken Salad with Citrus Vinaigrette,893
3,tortilla - Tofu Tacos,429
16,beef - Hearty Beef Stew,247
13,beef - Hearty Beef Stew,783
14,tofu - Tofu and Mixed Vegetable Stir-Fry,865
17,vegetables - Vegetable Soup,93
2,tortilla - Tofu Tacos,614
13,tortilla - Tofu Tacos,255
11,tofu - Tofu and Mixed Vegetable Stir-Fry,219
12,shrimp - Grilled Shrimp Skewers with Mango Salsa,318
6,wrap - Falafel Wrap,197
8,tofu - Tofu and Mixed Vegetable Stir-Fry,909
3,chicken - Chicken Fajita Bowl with Cilantro Lime Rice,747
9,WebApp - From Web App w/new keys,45
8,tofu - Tofu and Mixed Vegetable Stir-Fry,687
11,wrap - Falafel Wrap,444
26,vegetarian - Vegetarian Stuffed Bell Peppers,904
27,tofu - Tofu and Vegetable Stir Fry,505
29,ec2 - From EC2!!!,439
27,tofu - Tofu and Vegetable Stir Fry,985
24,postMan - proud-otter-92,406
2,tofu - Tofu and Mixed Vegetable Stir-Fry,129
9,tofu - Tofu and Mixed Vegetable Stir-Fry,333
4,black beans - Black Bean and Sweet Potato Chili,684
19,chicken breast - Grilled Chicken Salad with Citrus Vinaigrette,589
20,black beans - Black Bean and Sweet Potato Chili,654
13,tofu - Tofu and Mixed Vegetable Stir-Fry,854
20,vegetarian - Vegetarian Stuffed Bell Peppers,271
11,salmon - Grilled Salmon with Roasted Vegetables,931
29,tortilla - Tofu Tacos,538
15,tofu - Tofu and Mixed Vegetable Stir-Fry,519
17,wrap - Falafel Wrap,650
15,vegetables - Vegetable Soup,483
23,tofu - Tofu and Vegetable Stir Fry,812
8,tortilla - Tofu Tacos,522
3,chicken breast - Grilled Chicken Salad with Citrus Vinaigrette,241
9,tofu - Tofu and Mixed Vegetable Stir-Fry,234
20,tofu - Tofu and Mixed Vegetable Stir-Fry,469
15,chicken - Chicken Parmesan,261
28,WebApp - From Web App w/new keys,799
28,vegetarian - Vegetarian Stuffed Bell Peppers,208
9,bread - Grilled Cheese and Tomato Soup,908
7,bread - Grilled Cheese,858
4,chicken breast - Grilled Chicken Salad with Citrus Vinaigrette,27
6,tofu - Tofu and Mixed Vegetable Stir-Fry,411
11,tofu - Tofu and Mixed Vegetable Stir-Fry,190
26,tortilla - Tofu Tacos,887
12,tofu - Tofu and Vegetable Stir Fry,917
19,tofu - Tofu and Mixed Vegetable Stir-Fry,453
14,chicken breast - Grilled Chicken Salad with Citrus Vinaigrette,708
12,WebApp - From Web App w/new keys,323
3,ec2 - From EC2!!!,722
2,tofu - Tofu and Mixed Vegetable Stir-Fry,662
1,tofu - Tofu and Mixed Vegetable Stir-Fry,577
13,black beans - Black Bean and Sweet Potato Chili,21
29,vegetables - Chicken Soup,827
23,beef - Hearty Beef Stew,679
5,tortilla - Tofu Tacos,499
12,WebApp - Test web app,326
2,beef - Hearty Beef Stew,135
14,bread - Grilled Cheese and Tomato Soup,88
24,bread - Grilled Cheese and Tomato Soup,260
10,tofu - Tofu and Mixed Vegetable Stir-Fry,267
29,tortilla - Tofu Tacos,96
24,beef - Hearty Beef Stew,244
20,beef - Hearty Beef Stew,449
25,vegetarian - Vegetarian Stuffed Bell Peppers,142
24,wrap - Falafel Wrap,469
14,rice - Chicken Curry with Basmati Rice,843
14,vegetarian - Vegetarian Stuffed Bell Peppers,764
3,tofu - Tofu and Vegetable Stir Fry,280
13,beef - Hearty Beef Stew,65
20,rice - Beef and broccoli stir fry,393
23,WebApp - Test web app,409
21,bread - Grilled Cheese,921
15,bread - Grilled Cheese,793
21,beef - Hearty Beef Stew,173
21,chicken breast - Grilled Chicken Salad with Citrus Vinaigrette,642
6,black beans - Black Bean and Sweet Potato Chili,296
13,pasta - Chicken Spaghetti,976
1,tofu - Tofu and Mixed Vegetable Stir-Fry,360
24,tofu - Tofu and Vegetable Stir Fry,744
5,black beans - Black Bean and Sweet Potato Chili,359
25,vegetarian - Vegetarian Stuffed Bell Peppers,910
8,wrap - Falafel Wrap,191
3,shrimp - Grilled Shrimp Skewers with Mango Salsa,620
14,tortilla - Tofu Tacos,584
9,tofu - Tofu and Mixed Vegetable Stir-Fry,144
9,chicken breast - Grilled Chicken Salad with Citrus Vinaigrette,989
16,WebApp - Test web app,443
10,tofu - Tofu and Mixed Vegetable Stir-Fry,25
21,tofu - Tofu and Mixed Vegetable Stir-Fry,468
23,chicken - Grilled Chicken Salad with Citrus Vinaigrette,324
8,chicken breast - Grilled Chicken Salad with Citrus Vinaigrette,434
15,WebApp - From Web App w/new keys,443
16,tofu - Tofu and Mixed Vegetable Stir-Fry,57
28,bread - Grilled Cheese and Tomato Soup,71
7,rice - Beef and broccoli stir fry,688
20,vegetarian - Vegetarian Stuffed Bell Peppers,679
28,tortilla - Tofu Tacos,851
7,WebApp - From Web App w/new keys,992
22,bread - Grilled Cheese and Tomato Soup,619
14,WebApp - From Web App w/new keys,873
8,beef - Hearty Beef Stew,868
6,bread - Grilled Cheese and Tomato Soup,41
13,wrap - Falafel Wrap,562
19,tortilla - Tofu Tacos,633
26,steak - Steak with Roasted Potatoes and Green Beans,392
25,WebApp - From Web App w/new keys,53
20,vegetables - Vegetable Soup,856
23,salmon - Baked Salmon with Lemon and Herbs,256
23,pasta - Chicken Spaghetti,870
16,chicken - Grilled Chicken Salad with Citrus Vinaigrette,411
4,chicken breast - Grilled Chicken Salad with Citrus Vinaigrette,840
19,ec2 - From EC2!!!,510
15,tofu - Tofu and Mixed Vegetable Stir-Fry,407
19,ec2 - From EC2!!!,918
13,tofu - Tofu and Mixed Vegetable Stir-Fry,416
27,tofu - Tofu and Mixed Vegetable Stir-Fry,467
20,vegetarian - Vegetarian Stuffed Bell Peppers,296
2,tortilla - Tofu Tacos,317
11,chicken breast - Grilled Chicken Salad with Citrus Vinaigrette,155
15,vegetables - Vegetable Soup,446
22,ec2 - From EC2!!!,900
29,shrimp - Grilled Shrimp Skewers with Mango Salsa,169
6,chicken - Chicken Fajita Bowl with Cilantro Lime Rice,561
10,ec2 - From EC2!!!,247
17,chicken - Grilled Chicken Salad with Citrus Vinaigrette,834
11,bread - Grilled Cheese and Tomato Soup,42
22,ec2 - From EC2!!!,792
21,tofu - Tofu and Mixed Vegetable Stir-Fry,636
28,tofu - Tofu and Mixed Vegetable Stir-Fry,876
11,tofu - Vegetable Stir Fry with Tofu,418
9,shrimp - Grilled Shrimp Skewers with Mango Salsa,114
4,rice - Mushroom Risotto,222
11,ec2 - From EC2!!!,147
14,WebApp - From Web App w/new keys,136
18,beef - Hearty Beef Stew,144
27,salmon - Grilled Salmon with Roasted Vegetables,504
3,shrimp - Grilled Shrimp Skewers with Mango Salsa,6
23,chicken breast - Grilled Chicken Salad with Citrus Vinaigrette,689
5,tofu - Tofu and Vegetable Stir Fry,869
22,beef - Hearty Beef Stew,896
3,tofu - Vegetable Stir Fry with Tofu,934
26,chicken - Chicken Fajita Bowl with Cilantro Lime Rice,766
13,wrap - Falafel Wrap,79
11,vegetarian - Vegetarian Stuffed Bell Peppers,755
1,tortilla - Tofu Tacos,80
27,black beans - Black Bean and Sweet Potato Chili,325
2,rice - Chicken Curry with Basmati Rice,261
8,salmon - Baked Salmon with Lemon and Herbs,986
28,WebApp - Test web app,13
5,WebApp - From Web App w/new keys,543
13,tofu - Tofu and Mixed Vegetable Stir-Fry,470
26,chicken breast - Grilled Chicken Salad with Citrus Vinaigrette,826
6,tortilla - Tofu Tacos,628
15,pasta - Chicken Spaghetti,791
19,tofu - Tofu and Mixed Vegetable Stir-Fry,320
23,ec2 - From EC2!!!,334
13,tortilla - Tofu Tacos,524
29,beef - Hearty Beef Stew,743
10,WebApp - Test web app,22
10,salmon - Grilled Salmon with Roasted Vegetables,748
16,vegetables - Vegetable Soup,637
26,chicken breast - Grilled Chicken Salad with Citrus Vinaigrette,587
28,chicken - Chicken Fajita Bowl with Cilantro Lime Rice,535
27,tofu - Tofu and Vegetable Stir Fry,751
10,beef - Hearty Beef Stew,185
14,tofu - Tofu and Mixed Vegetable Stir-Fry,974
21,tofu - Tofu and Vegetable Stir Fry,386
26,wrap - Falafel Wrap,428
19,pasta - Shrimp Scampi Pasta,71
12,tofu - Tofu and Vegetable Stir Fry,335
18,tortilla - Tofu Tacos,6
26,vegetarian - Vegetarian Stuffed Bell Peppers,212
19,black beans - Black Bean and Sweet Potato Chili,688
2,shrimp - Grilled Shrimp Skewers with Mango Salsa,624
5,salmon - Grilled Salmon with Roasted Vegetables,355
14,beef - Hearty Beef Stew,824
11,postMan - proud-otter-92,510
4,WebApp - From Web App w/new keys,544
19,bread - Grilled Cheese and Tomato Soup,396
18,shrimp - Grilled Shrimp Skewers with Mango Salsa,524
28,tofu - Tofu and Mixed Vegetable Stir-Fry,249
11,vegetarian - Vegetarian Stuffed Bell Peppers,617
26,WebApp - From Web App w/new keys,637
13,rice - Beef and broccoli stir fry,642
20,tofu - Vegetable Stir Fry with Tofu,641
27,wrap - Falafel Wrap,7
9,pasta - Chicken Spaghetti,497
9,beef - Hearty Beef Stew,436
1,chicken breast - Grilled Chicken Salad with Citrus Vinaigrette,310
3,chicken breast - Grilled Chicken Salad with Citrus Vinaigrette,625
26,tortilla - Tofu Tacos,908
21,vegetarian - Vegetarian Stuffed Bell Peppers,575
16,wrap - Falafel Wrap,255
10,wrap - Falafel Wrap,443
26,black beans - Black Bean and Sweet Potato Chili,650
3,pasta - Chicken Spaghetti,19
10,ec2 - From EC2!!!,140
4,chicken - Chicken Fajita Bowl with Cilantro Lime Rice,48
6,tofu - Tofu and Mixed Vegetable Stir-Fry,463
20,WebApp - From Web App w/new keys,775
26,vegetarian - Vegetarian Stuffed Bell Peppers,590
29,tortilla - Tofu Tacos,113
9,tortilla - Tofu Tacos,301
5,tofu - Vegetable Stir Fry with Tofu,127
8,WebApp - From Web App w/new keys,397
6,tortilla - Tofu Tacos,945
29,tofu - Tofu and Mixed Vegetable Stir-Fry,680
22,bread - Grilled Cheese,166
5,ec2 - From EC2!!!,8
18,chicken - Chicken Fajita Bowl with Cilantro Lime Rice,268
24,bread - Grilled Cheese and Tomato Soup,356
26,tortilla - Tofu Tacos,951
23,WebApp - From Web App w/new keys,244
17,tofu - Tofu and Mixed Vegetable Stir-Fry,757
8,chicken breast - Grilled Chicken Salad with Citrus Vinaigrette,642
5,tortilla - Tofu Tacos,421
23,bread - Grilled Cheese,53
17,tortilla - Tofu Tacos,546
5,vegetarian - Vegetarian Stuffed Bell Peppers,3
3,ec2 - From EC2!!!,179
12,beef - Hearty Beef Stew,187
13,chicken breast - Grilled Chicken Salad with Citrus Vinaigrette,807
26,WebApp - From Web App w/new keys,497
9,WebApp - From Web App w/new keys,457
22,tofu - Tofu and Vegetable Stir Fry,359
29,vegetarian - Vegetarian Stuffed Bell Peppers,324
21,chicken breast - Grilled Chicken Salad with Citrus Vinaigrette,467
5,vegetarian - Vegetarian Stuffed Bell Peppers,461
19,black beans - Black Bean and Sweet Potato Chili,646
15,wrap - Falafel Wrap,601
3,WebApp - Test web app,831
13,bread - Grilled Cheese,658
2,vegetarian - Vegetarian Stuffed Bell Peppers,534
18,ec2 - From EC2!!!,885
3,tofu - Tofu and Mixed Vegetable Stir-Fry,342
7,wrap - Falafel Wrap,574
16,salmon - Baked Salmon with Lemon and Herbs,573
23,tofu - Tofu and Mixed Vegetable Stir-Fry,940
6,wrap - Falafel Wrap,684
22,salmon - Grilled Salmon with Roasted Vegetables,550
20,tofu - Vegetable Stir Fry with Tofu,91
26,tofu - Tofu and Mixed Vegetable Stir-Fry,41
24,tofu - Tofu and Mixed Vegetable Stir-Fry,807
18,tortilla - Tofu Tacos,432
7,tortilla - Tofu Tacos,938
26,WebApp - From Web App w/new keys,722
25,black beans - Black Bean and Sweet Potato Chili,899
19,rice noodles - Tofu Phad Thai,865
7,ec2 - From EC2!!!,240
12,pasta - Chicken Spaghetti,562
25,beef - Hearty Beef Stew,273
5,salmon - Baked Salmon with Lemon and Herbs,966
20,WebApp - From Web App w/new keys,193
25,beef - Hearty Beef Stew,189
21,steak - Steak with Roasted Potatoes and Green Beans,168
25,tofu - Tofu and Mixed Vegetable Stir-Fry,60
28,beef - Hearty Beef Stew,782
28,vegetables - Chicken Soup,57
2,chicken - Chicken Fajita Bowl with Cilantro Lime Rice,390
7,WebApp - From Web App w/new keys,563
29,postMan - swift-panda-46,707
14,tofu - Tofu and Mixed Vegetable Stir-Fry,972
4,vegetables - Vegetable Soup,11
15,bread - Grilled Cheese,31
5,chicken breast - Grilled Chicken Salad with Citrus Vinaigrette,338
12,chicken breast - Grilled Chicken Salad with Citrus Vinaigrette,924
21,chicken - Chicken Parmesan,440
20,beef - Hearty Beef Stew,253
22,wrap - Falafel Wrap,427
13,salmon - Baked Salmon with Lemon and Herbs,121
7,beef - Hearty Beef Stew,659
21,wrap - Falafel Wrap,928
1,ec2 - From EC2!!!,389
3,tofu - Tofu and Mixed Vegetable Stir-Fry,307
24,bread - Grilled Cheese,107
16,salmon - Grilled Salmon with Roasted Vegetables,731
8,beef - Hearty Beef Stew,611
28,beef - Hearty Beef Stew,161
23,chicken - Grilled Chicken Salad with Citrus Vinaigrette,833
18,tortilla - Tofu Tacos,159
7,bread - Grilled Cheese,469
17,tofu - Tofu and Vegetable Stir Fry,569
14,wrap - Falafel Wrap,586
25,rice - Chicken Curry with Basmati Rice,859
20,WebApp - Test web app,271
1,tofu - Tofu and Mixed Vegetable Stir-Fry,846
13,ec2 - From EC2!!!,436
8,WebApp - From Web App w/new keys,43
29,tofu - Vegetable Stir Fry with Tofu,621
9,wrap - Falafel Wrap,65
20,tofu - Tofu and Vegetable Stir Fry,461
28,vegetarian - Vegetarian Stuffed Bell Peppers,892
12,salmon - Grilled Salmon with Roasted Vegetables,770
20,wrap - Falafel Wrap,469
15,WebApp - From Web App w/new keys,479
3,beef - Hearty Beef Stew,643
9,tofu - Tofu and Mixed Vegetable Stir-Fry,423
21,wrap - Falafel Wrap,805
29,tortilla - Tofu Tacos,449
26,WebApp - Test web app,132
21,ec2 - From EC2!!!,555
1,tortilla - Tofu Tacos,594
19,WebApp - Test web app,572
13,tofu - Tofu and Vegetable Stir Fry,706
21,beef - Hearty Beef Stew,403
2,salmon - Baked Salmon with Lemon and Herbs,814
15,WebApp - From Web App w/new keys,369
25,tofu - Tofu and Mixed Vegetable Stir-Fry,361
29,tortilla - Tofu Tacos,756
10,chicken breast - Grilled Chicken Salad with Citrus Vinaigrette,992
16,vegetables - Chicken Soup,795
22,bread - Grilled Cheese and Tomato Soup,570
18,chicken - Chicken Parmesan,43
23,shrimp - Grilled Shrimp Skewers with Mango Salsa,288
14,ec2 - From EC2!!!,569
29,vegetarian - Vegetarian Stuffed Bell Peppers,383
15,tofu - Tofu and Mixed Vegetable Stir-Fry,12
6,ec2 - From EC2!!!,230
17,vegetables - Vegetable Soup,897
2,bread - Grilled Cheese and Tomato Soup,342
12,pasta - Spaghetti with Tomato Sauce,617
7,tofu - Vegetable Stir Fry with Tofu,641
6,WebApp - From Web App w/new keys,888
23,ec2 - From EC2!!!,435
5,black beans - Black Bean and Sweet Potato Chili,649
19,salmon - Grilled Salmon with Roasted Vegetables,793
16,chicken breast - Grilled Chicken Salad with Citrus Vinaigrette,253
8,ec2 - From EC2!!!,562
22,pasta - Chicken Spaghetti,120
19,tortilla - Tofu Tacos,273
29,WebApp - From Web App w/new keys,485
21,vegetables - Vegetable Soup,960
5,pasta - Chicken Spaghetti,960
17,beef - Hearty Beef Stew,396
6,wrap - Falafel Wrap,853
7,WebApp - From Web App w/new keys,434
28,pork - Grilled Pork Chops with Sweet Potato Mash,456
4,tofu - Tofu and Vegetable Stir Fry,149
19,bread - Grilled Cheese,946
18,WebApp - Test web app,42
26,pasta - Chicken Spaghetti,775
18,tofu - Tofu and Mixed Vegetable Stir-Fry,218
16,tofu - Tofu and Vegetable Stir Fry,590
3,salmon - Grilled Salmon with Roasted Vegetables,795
5,chicken breast - Grilled Chicken Salad with Citrus Vinaigrette,418
16,ec2 - From EC2!!!,991
13,shrimp - Grilled Shrimp Skewers with Mango Salsa,272
9,ec2 - From EC2!!!,623
29,salmon - Baked Salmon with Lemon and Herbs,340
11,salmon - Baked Salmon with Lemon and Herbs,933
15,tofu - Tofu and Mixed Vegetable Stir-Fry,930
13,pasta - Chicken Spaghetti,174
8,wrap - Falafel Wrap,782
27,WebApp - From Web App w/new keys,384
26,tortilla - Tofu Tacos,195
17,bread - Grilled Cheese and Tomato Soup,810
24,pasta - Spaghetti with Tomato Sauce,411
20,salmon - Grilled Salmon with Roasted Vegetables,654
10,chicken - Chicken Fajita Bowl with Cilantro Lime Rice,261
8,chicken breast - Grilled Chicken Salad with Citrus Vinaigrette,737
24,postMan - swift-panda-46,993
17,beef - Hearty Beef Stew,648
15,tofu - Tofu and Mixed Vegetable Stir-Fry,591
7,chicken breast - Grilled Chicken Salad with Citrus Vinaigrette,551
15,steak - Steak with Roasted Potatoes and Green Beans,902
18,ec2 - From EC2!!!,450
23,bread - Grilled Cheese and Tomato Soup,525
25,bread - Grilled Cheese and Tomato Soup,72
16,tofu - Tofu and Mixed Vegetable Stir-Fry,190
2,bread - Grilled Cheese and Tomato Soup,609
22,beef - Hearty Beef Stew,186
15,tofu - Vegetable Stir Fry with Tofu,448
12,steak - Steak with Roasted Potatoes and Green Beans,98
2,pasta - Chicken Spaghetti,233
5,vegetarian - Vegetarian Stuffed Bell Peppers,93
8,vegetarian - Vegetarian Stuffed Bell Peppers,324
17,steak - Steak with Roasted Potatoes and Green Beans,484
5,vegetables - Chicken Soup,643
7,beef - Hearty Beef Stew,781
22,black beans - Black Bean and Sweet Potato Chili,732
13,pasta - Shrimp Scampi Pasta,235
26,tortilla - Tofu Tacos,278
10,tofu - Tofu and Mixed Vegetable Stir-Fry,790
17,tofu - Tofu and Mixed Vegetable Stir-Fry,511
14,pasta - Shrimp Scampi Pasta,841
23,wrap - Falafel Wrap,542
15,beef - Hearty Beef Stew,948
21,wrap - Falafel Wrap,130
21,tofu - Tofu and Vegetable Stir Fry,486
12,pasta - Chicken Spaghetti,561
11,WebApp - Test web app,404
23,salmon - Baked Salmon with Lemon and Herbs,594
25,tofu - Tofu and Mixed Vegetable Stir-Fry,725
27,vegetarian - Vegetarian Stuffed Bell Peppers,721
24,tofu - Tofu and Mixed Vegetable Stir-Fry,402
7,WebApp - Test web app,707
6,shrimp - Grilled Shrimp Skewers with Mango Salsa,831
28,tortilla - Tofu Tacos,703
3,tofu - Tofu and Mixed Vegetable Stir-Fry,144
18,beef - Hearty Beef Stew,175
24,pasta - Shrimp Scampi Pasta,696
25,beef - Hearty Beef Stew,422
3,vegetables - Vegetable Soup,775
12,vegetables - Chicken Soup,951
19,romaine lettuce - Caesar Salad,375
18,bread - Grilled Cheese and Tomato Soup,835
11,vegetables - Chicken Soup,378
26,salmon - Grilled Salmon with Roasted Vegetables,361
5,tofu - Tofu and Vegetable Stir Fry,608
2,chicken - Grilled Chicken Salad with Citrus Vinaigrette,859
26,WebApp - From Web App w/new keys,965
4,pasta - Chicken Spaghetti,461
1,ec2 - From EC2!!!,79
12,tofu - Vegetable Stir Fry with Tofu,258
23,wrap - Falafel Wrap,542
4,ec2 - From EC2!!!,79
21,tofu - Tofu and Vegetable Stir Fry,861
4,wrap - Falafel Wrap,608
4,postMan - proud-otter-55,596
24,chicken breast - Grilled Chicken Salad with Citrus Vinaigrette,783
24,salmon - Baked Salmon with Lemon and Herbs,980
11,ec2 - From EC2!!!,347
15,tofu - Tofu and Mixed Vegetable Stir-Fry,890
14,WebApp - From Web App w/new keys,600
17,steak - Steak with Roasted Potatoes and Green Beans,723
14,tofu - Tofu and Mixed Vegetable Stir-Fry,591
21,pasta - Chicken Spaghetti,54
16,chicken breast - Grilled Chicken Salad with Citrus Vinaigrette,889
27,bread - Grilled Cheese,50
2,chicken breast - Grilled Chicken Salad with Citrus Vinaigrette,564
8,chicken - Chicken Fajita Bowl with Cilantro Lime Rice,139
14,salmon - Grilled Salmon with Roasted Vegetables,759
16,vegetables - Vegetable Soup,342
2,bread - Grilled Cheese and Tomato Soup,716
23,tofu - Tofu and Vegetable Stir Fry,521
20,steak - Steak with Roasted Potatoes and Green Beans,895
2,pasta - Spaghetti with Tomato Sauce,265
6,beef - Hearty Beef Stew,64
29,tofu - Tofu and Mixed Vegetable Stir-Fry,235
8,steak - Steak with Roasted Potatoes and Green Beans,69
2,postMan - proud-otter-55,687
18,pasta - Spaghetti with Tomato Sauce,106
2,bread - Grilled Cheese,115
3,WebApp - From Web App w/new keys,820
3,wrap - Falafel Wrap,710
12,vegetables - Vegetable Soup,418
28,pork - Grilled Pork Chops with Sweet Potato Mash,251
9,tofu - Tofu and Mixed Vegetable Stir-Fry,163
5,ec2 - From EC2!!!,563
27,beef - Hearty Beef Stew,526
10,beef - Hearty Beef Stew,448
21,tortilla - Tofu Tacos,130
10,tofu - Tofu and Mixed Vegetable Stir-Fry,550
29,WebApp - Test web app,65
14,pasta - Chicken Spaghetti,12
10,salmon - Grilled Salmon with Roasted Vegetables,231
25,tofu - Tofu and Mixed Vegetable Stir-Fry,515
23,wrap - Falafel Wrap,9
25,WebApp - From Web App w/new keys,75
29,WebApp - Test web app,193
18,tortilla - Tofu Tacos,229
5,tofu - Tofu and Mixed Vegetable Stir-Fry,790
7,beef - Hearty Beef Stew,197
27,tofu - Vegetable Stir Fry with Tofu,478
25,chicken breast - Grilled Chicken Salad with Citrus Vinaigrette,480
9,chicken breast - Grilled Chicken Salad with Citrus Vinaigrette,653
28,tofu - Tofu and Mixed Vegetable Stir-Fry,795
23,chicken - Chicken Fajita Bowl with Cilantro Lime Rice,222
25,tortilla - Tofu Tacos,978
3,bread - Grilled Cheese and Tomato Soup,564
22,tortilla - Tofu Tacos,590
12,WebApp - From Web App w/new keys,506
11,postMan - proud-otter-55,112
23,ec2 - From EC2!!!,667
3,tofu - Tofu and Mixed Vegetable Stir-Fry,48
5,black beans - Black Bean and Sweet Potato Chili,228
6,tofu - Tofu and Mixed Vegetable Stir-Fry,505
16,postMan - proud-otter-92,302
28,vegetables - Chicken Soup,280
29,tortilla - Tofu Tacos,699
22,ec2 - From EC2!!!,783
29,vegetarian - Vegetarian Stuffed Bell Peppers,79
3,tortilla - Tofu Tacos,908
7,pasta - Chicken Spaghetti,866
5,tofu - Tofu and Mixed Vegetable Stir-Fry,19
5,beef - Hearty Beef Stew,811
24,WebApp - Test web app,316
29,chicken - Chicken Fajita Bowl with Cilantro Lime Rice,687
25,wrap - Falafel Wrap,75
27,tofu - Vegetable Stir Fry with Tofu,222
15,tofu - Vegetable Stir Fry with Tofu,232
12,WebApp - Test web app,124
29,WebApp - Test web app,471
21,tofu - Tofu and Mixed Vegetable Stir-Fry,924
14,tofu - Tofu and Mixed Vegetable Stir-Fry,671
28,tortilla - Tofu Tacos,554
24,tofu - Tofu and Mixed Vegetable Stir-Fry,365
17,WebApp - Test web app,935
7,tortilla - Tofu Tacos,577
17,beef - Hearty Beef Stew,990
27,shrimp - Grilled Shrimp Skewers with Mango Salsa,609
12,tofu - Tofu and Mixed Vegetable Stir-Fry,330
5,WebApp - From Web App w/new keys,853
7,ec2 - From EC2!!!,622
9,steak - Steak with Roasted Potatoes and Green Beans,564
20,bread - Grilled Cheese,723
17,black beans - Black Bean and Sweet Potato Chili,654
5,tofu - Tofu and Mixed Vegetable Stir-Fry,761
27,tortilla - Tofu Tacos,256
19,WebApp - From Web App w/new keys,89
18,chicken breast - Grilled Chicken Salad with Citrus Vinaigrette,661
18,pasta - Spaghetti with Tomato Sauce,505
4,vegetables - Chicken Soup,45
23,postMan - proud-otter-92,931
14,tofu - Vegetable Stir Fry with Tofu,291
21,beef - Hearty Beef Stew,887
15,black beans - Black Bean and Sweet Potato Chili,241
17,shrimp - Grilled Shrimp Skewers with Mango Salsa,436
23,black beans - Black Bean and Sweet Potato Chili,946
25,beef - Hearty Beef Stew,928
2,tofu - Tofu and Mixed Vegetable Stir-Fry,338
20,shrimp - Grilled Shrimp Skewers with Mango Salsa,609
16,wrap - Falafel Wrap,444
17,tortilla - Tofu Nachos,438
2,WebApp - From Web App w/new keys,930
15,vegetables - Chicken Soup,825
14,tortilla - Tofu Tacos,185
3,beef - Hearty Beef Stew,79
13,ec2 - From EC2!!!,323
5,wrap - Falafel Wrap,524
24,beef - Hearty Beef Stew,950
24,beef - Hearty Beef Stew,434
5,pasta - Spaghetti with Tomato Sauce,20
15,vegetables - Vegetable Soup,853
9,beef - Hearty Beef Stew,546
27,tofu - Tofu and Mixed Vegetable Stir-Fry,774
17,WebApp - From Web App w/new keys,953
14,beef - Hearty Beef Stew,757
10,tortilla - Tofu Tacos,874
5,black beans - Black Bean and Sweet Potato Chili,86
17,black beans - Black Bean and Sweet Potato Chili,879
6,chicken breast - Grilled Chicken Salad with Citrus Vinaigrette,190
27,bread - Grilled Cheese and Tomato Soup,11
23,tofu - Tofu and Vegetable Stir Fry,973
20,ec2 - From EC2!!!,28
7,black beans - Black Bean and Sweet Potato Chili,856
25,bread - Grilled Cheese,516
15,beef - Hearty Beef Stew,608
19,tortilla - Tofu Tacos,421
3,salmon - Baked Salmon with Lemon and Herbs,940
21,vegetables - Vegetable Soup,314
26,tortilla - Tofu Tacos,396
13,tofu - Tofu and Vegetable Stir Fry,32
4,tortilla - Tofu Tacos,875
13,tofu - Tofu and Mixed Vegetable Stir-Fry,939
11,steak - Steak with Roasted Potatoes and Green Beans,109
27,tofu - Tofu and Mixed Vegetable Stir-Fry,693
9,tofu - Tofu and Mixed Vegetable Stir-Fry,421
15,pasta - Spaghetti with Tomato Sauce,209
17,tortilla - Tofu Tacos,299
18,chicken breast - Grilled Chicken Salad with Citrus Vinaigrette,830
22,vegetables - Vegetable Soup,428
27,WebApp - From Web App w/new keys,818
13,WebApp - From Web App w/new keys,457
22,chicken - Chicken Fajita Bowl with Cilantro Lime Rice,225
15,postMan - proud-otter-92,117
12,tofu - Vegetable Stir Fry with Tofu,374
15,vegetables - Chicken Soup,445
16,tortilla - Tofu Tacos,206
7,bread - Grilled Cheese and Tomato Soup,788
4,shrimp - Grilled Shrimp Skewers with Mango Salsa,634
19,chicken breast - Grilled Chicken Salad with Citrus Vinaigrette,125
6,beef - Hearty Beef Stew,550
6,chicken - Chicken Fajita Bowl with Cilantro Lime Rice,461
2,bread - Grilled Cheese and Tomato Soup,457
2,vegetables - Chicken Soup,774
29,WebApp - From Web App w/new keys,234
17,steak - Steak with Roasted Potatoes and Green Beans,505
14,WebApp - From Web App w/new keys,237
15,tortilla - Tofu Tacos,905
16,tortilla - Tofu Tacos,299
16,tofu - Vegetable Stir Fry with Tofu,275
20,pasta - Chicken Spaghetti,278
19,salmon - Baked Salmon with Lemon and Herbs,474
6,tortilla - Tofu Tacos,700
29,chicken breast - Grilled Chicken Salad with Citrus Vinaigrette,876
7,ec2 - From EC2!!!,958
27,salmon - Baked Salmon with Lemon and Herbs,641
12,tofu - Tofu and Vegetable Stir Fry,539
4,vegetables - Vegetable Soup,130
28,tofu - Tofu and Mixed Vegetable Stir-Fry,993
9,pasta - Chicken Spaghetti,557
16,chicken - Grilled Chicken Salad with Citrus Vinaigrette,616
11,shrimp - Grilled Shrimp Skewers with Mango Salsa,696
23,vegetarian - Vegetarian Stuffed Bell Peppers,398
16,tofu - Tofu and Mixed Vegetable Stir-Fry,962
25,pasta - Chicken Spaghetti,128
7,beef - Hearty Beef Stew,119
14,chicken breast - Grilled Chicken Salad with Citrus Vinaigrette,591
25,vegetables - Vegetable Soup,782
22,beef - Hearty Beef Stew,502
11,shrimp - Grilled Shrimp Skewers with Mango Salsa,731
4,salmon - Baked Salmon with Lemon and Herbs,652
3,black beans - Black Bean and Sweet Potato Chili,773
2,chicken breast - Grilled Chicken Salad with Citrus Vinaigrette,884
13,bread - Grilled Cheese,666
10,beef - Hearty Beef Stew,783
25,bread - Grilled Cheese and Tomato Soup,130
7,shrimp - Grilled Shrimp Skewers with Mango Salsa,462
27,vegetables - Chicken Soup,145
22,postMan - swift-panda-46,748
14,bread - Grilled Cheese and Tomato Soup,468
6,steak - Steak with Roasted Potatoes and Green Beans,805
28,beef - Hearty Beef Stew,99
2,postMan - proud-otter-92,542
12,tofu - Tofu and Vegetable Stir Fry,286
24,wrap - Falafel Wrap,444
4,beef - Hearty Beef Stew,712
9,chicken - Grilled Chicken Salad with Citrus Vinaigrette,605
27,vegetables - Vegetable Soup,344
5,chicken breast - Grilled Chicken Salad with Citrus Vinaigrette,345
6,tofu - Tofu and Vegetable Stir Fry,142
12,ec2 - From EC2!!!,296
8,tortilla - Tofu Tacos,183
8,rice noodles - Chicken Phad Thai,163
27,tortilla - Tofu Tacos,521
15,vegetables - Vegetable Soup,917
14,ec2 - From EC2!!!,514
24,salmon - Grilled Salmon with Roasted Vegetables,210
1,shrimp - Grilled Shrimp Skewers with Mango Salsa,871
4,WebApp - Test web app,19
13,beef - Hearty Beef Stew,383
21,beef - Hearty Beef Stew,644
1,rice noodles - Tofu Phad Thai,617
28,chicken - Chicken Parmesan,250
28,rice - Mushroom Risotto,996
29,wrap - Falafel Wrap,139
22,chicken breast - Grilled Chicken Salad with Citrus Vinaigrette,763
16,beef - Hearty Beef Stew,145
18,tortilla - Tofu Tacos,28
18,bread - Grilled Cheese,111
5,WebApp - From Web App w/new keys,222
1,chicken breast - Grilled Chicken Salad with Citrus Vinaigrette,774
6,beef - Hearty Beef Stew,899
22,WebApp - From Web App w/new keys,405
18,shrimp - Grilled Shrimp Skewers with Mango Salsa,253
27,ec2 - From EC2!!!,743
20,tofu - Tofu and Mixed Vegetable Stir-Fry,351
24,beef - Hearty Beef Stew,995
6,vegetarian - Vegetarian Stuffed Bell Peppers,174
7,tofu - Tofu and Mixed Vegetable Stir-Fry,889
23,chicken - Chicken Fajita Bowl with Cilantro Lime Rice,683
22,steak - Steak with Roasted Potatoes and Green Beans,240
26,salmon - Grilled Salmon with Roasted Vegetables,826
12,beef - Hearty Beef Stew,517
13,wrap - Falafel Wrap,250
20,WebApp - Test web app,814
6,ec2 - From EC2!!!,466
21,WebApp - From Web App w/new keys,203
23,postMan - proud-otter-92,196
3,pasta - Chicken Spaghetti,12
6,black beans - Black Bean and Sweet Potato Chili,79
18,salmon - Grilled Salmon with Roasted Vegetables,17
11,pasta - Chicken Spaghetti,284
24,beef - Hearty Beef Stew,500
29,salmon - Grilled Salmon with Roasted Vegetables,404
23,vegetarian - Vegetarian Stuffed Bell Peppers,35
2,postMan - proud-otter-92,508
8,vegetarian - Vegetarian Stuffed Bell Peppers,649
14,tofu - Vegetable Stir Fry with Tofu,697
18,tofu - Tofu and Mixed Vegetable Stir-Fry,254
15,black beans - Black Bean and Sweet Potato Chili,636
14,tofu - Tofu and Mixed Vegetable Stir-Fry,124
12,tofu - Tofu and Mixed Vegetable Stir-Fry,920
16,vegetables - Vegetable Soup,695
23,salmon - Baked Salmon with Lemon and Herbs,314
20,beef - Hearty Beef Stew,168
28,steak - Steak with Roasted Potatoes and Green Beans,273
23,vegetables - Chicken Soup,388
8,bread - Grilled Cheese,471
29,WebApp - Test web app,284
19,tofu - Tofu and Mixed Vegetable Stir-Fry,542
24,vegetables - Chicken Soup,114
22,vegetables - Chicken Soup,342
26,vegetarian - Vegetarian Stuffed Bell Peppers,295
26,WebApp - From Web App w/new keys,933
27,vegetarian - Vegetarian Stuffed Bell Peppers,809
24,black beans - Black Bean and Sweet Potato Chili,567
4,vegetarian - Vegetarian Stuffed Bell Peppers,2
22,vegetables - Vegetable Soup,498
10,rice - Mushroom Risotto,418
18,chicken - Chicken Fajita Bowl with Cilantro Lime Rice,448
22,shrimp - Grilled Shrimp Skewers with Mango Salsa,442
22,tortilla - Tofu Tacos,242
7,WebApp - From Web App w/new keys,117
4,pasta - Chicken Alfredo,660
27,steak - Steak with Roasted Potatoes and Green Beans,923
25,tofu - Tofu and Vegetable Stir Fry,795
14,tofu - Tofu and Mixed Vegetable Stir-Fry,233
16,bread - Grilled Cheese and Tomato Soup,330
12,postMan - proud-otter-92,866
21,tofu - Tofu and Vegetable Stir Fry,857
14,tortilla - Tofu Tacos,833
13,WebApp - Test web app,321
10,rice noodles - Chicken Phad Thai,767
14,tofu - Tofu and Mixed Vegetable Stir-Fry,502
20,tofu - Vegetable Stir Fry with Tofu,955
18,chicken breast - Grilled Chicken Salad with Citrus Vinaigrette,951
8,bread - Grilled Cheese,427
26,bread - Grilled Cheese and Tomato Soup,461
9,vegetarian - Vegetarian Stuffed Bell Peppers,474
23,black beans - Black Bean and Sweet Potato Chili,449
6,salmon - Baked Salmon with Lemon and Herbs,676
14,tofu - Tofu and Mixed Vegetable Stir-Fry,210
1,salmon - Grilled Salmon with Roasted Vegetables,704
26,salmon - Baked Salmon with Lemon and Herbs,373
9,vegetarian - Vegetarian Stuffed Bell Peppers,316
15,pork - Grilled Pork Chops with Sweet Potato Mash,104
20,wrap - Falafel Wrap,799
15,tortilla - Tofu Tacos,413
3,vegetables - Chicken Soup,717
10,bread - Grilled Cheese,247
28,pork - Grilled Pork Chops with Sweet Potato Mash,10
16,tofu - Tofu and Mixed Vegetable Stir-Fry,317
19,ec2 - From EC2!!!,96
11,english muffin - Eggs Benedict,596
19,ec2 - From EC2!!!,509
29,WebApp - From Web App w/new keys,893
29,pasta - Shrimp Scampi Pasta,498
18,black beans - Black Bean and Sweet Potato Chili,746
27,rice - Chicken Curry with Basmati Rice,855
2,tofu - Tofu and Vegetable Stir Fry,519
2,bread - Grilled Cheese,855
22,tofu - Tofu and Vegetable Stir Fry,650
14,vegetarian - Vegetarian Stuffed Bell Peppers,124
1,bread - Grilled Cheese,906
2,salmon - Grilled Salmon with Roasted Vegetables,682
13,tortilla - Tofu Tacos,503
14,tofu - Tofu and Mixed Vegetable Stir-Fry,921
2,vegetables - Vegetable Soup,239
16,pasta - Chicken Spaghetti,281
6,tortilla - Tofu Tacos,223
19,vegetables - Vegetable Soup,873
25,tofu - Tofu and Vegetable Stir Fry,894
3,bread - Grilled Cheese,120
8,ec2 - From EC2!!!,493
17,bread - Grilled Cheese,992
24,wrap - Falafel Wrap,232
3,tofu - Tofu and Vegetable Stir Fry,42
8,rice - Beef and broccoli stir fry,387
4,tortilla - Tofu Tacos,56
22,vegetables - Chicken Soup,265
10,chicken breast - Grilled Chicken Salad with Citrus Vinaigrette,83
26,beef - Hearty Beef Stew,70
14,salmon - Grilled Salmon with Roasted Vegetables,810
28,tofu - Tofu and Mixed Vegetable Stir-Fry,321
11,shrimp - Grilled Shrimp Skewers with Mango Salsa,451
15,shrimp - Grilled Shrimp Skewers with Mango Salsa,232
15,WebApp - From Web App w/new keys,591
20,beef - Hearty Beef Stew,388
13,tortilla - Tofu Tacos,969
11,bread - Grilled Cheese,646
1,tofu - Tofu and Vegetable Stir Fry,199
22,shrimp - Grilled Shrimp Skewers with Mango Salsa,451
15,rice - Beef and broccoli stir fry,810
9,ec2 - From EC2!!!,721
26,ec2 - From EC2!!!,515
20,tofu - Tofu and Mixed Vegetable Stir-Fry,679
10,beef - Hearty Beef Stew,505
20,wrap - Falafel Wrap,557
29,pasta - Chicken Spaghetti,727
1,WebApp - From Web App w/new keys,239
14,beef - Hearty Beef Stew,886
8,tortilla - Tofu Tacos,362
12,postMan - proud-otter-92,772
13,chicken breast - Grilled Chicken Salad with Citrus Vinaigrette,992
10,vegetarian - Vegetarian Stuffed Bell Peppers,817
20,chicken - Grilled Chicken Salad with Citrus Vinaigrette,417
19,wrap - Falafel Wrap,344
21,bread - Grilled Cheese and Tomato Soup,622
12,beef - Hearty Beef Stew,683
21,wrap - Falafel Wrap,367
8,tofu - Tofu and Mixed Vegetable Stir-Fry,195
16,salmon - Grilled Salmon with Roasted Vegetables,809
19,tofu - Tofu and Mixed Vegetable Stir-Fry,124
9,tofu - Tofu and Vegetable Stir Fry,194
22,vegetarian - Vegetarian Stuffed Bell Peppers,920
22,beef - Hearty Beef Stew,35
28,chicken breast - Grilled Chicken Salad with Citrus Vinaigrette,772
2,tofu - Tofu and Mixed Vegetable Stir-Fry,92
1,vegetables - Vegetable Soup,20
22,WebApp - From Web App w/new keys,647
18,tortilla - Tofu Tacos,599
29,wrap - Falafel Wrap,642
11,pasta - Chicken Spaghetti,54
25,WebApp - From Web App w/new keys,12
24,pasta - Chicken Alfredo,799
9,tofu - Tofu and Mixed Vegetable Stir-Fry,979
18,vegetables - Vegetable Soup,888
14,salmon - Grilled Salmon with Roasted Vegetables,970
9,salmon - Grilled Salmon with Roasted Vegetables,525
5,ec2 - From EC2!!!,376
20,steak - Steak with Roasted Potatoes and Green Beans,421
29,salmon - Baked Salmon with Lemon and Herbs,502
1,postMan - proud-otter-92,932
12,bread - Grilled Cheese and Tomato Soup,687
2,vegetables - Vegetable Soup,952
19,chicken breast - Grilled Chicken Salad with Citrus Vinaigrette,91
8,beef - Hearty Beef Stew,972
13,vegetables - Chicken Soup,748
21,wrap - Falafel Wrap,392
14,pasta - Chicken Spaghetti,669
7,tortilla - Tofu Tacos,161
17,vegetarian - Vegetarian Stuffed Bell Peppers,978
5,tofu - Tofu and Vegetable Stir Fry,95
10,tofu - Tofu and Mixed Vegetable Stir-Fry,500
26,wrap - Falafel Wrap,778
10,bread - Grilled Cheese and Tomato Soup,276
5,ec2 - From EC2!!!,858
18,vegetables - Vegetable Soup,376
6,tofu - Vegetable Stir Fry with Tofu,959
15,ec2 - From EC2!!!,828
5,WebApp - From Web App w/new keys,101
25,beef - Hearty Beef Stew,96
1,black beans - Black Bean and Sweet Potato Chili,901
15,WebApp - Test web app,4
6,bread - Grilled Cheese,997
7,WebApp - From Web App w/new keys,147
28,tortilla - Tofu Tacos,431
2,beef - Hearty Beef Stew,870
11,ec2 - From EC2!!!,933
10,vegetarian - Vegetarian Stuffed Bell Peppers,610
17,WebApp - From Web App w/new keys,682
3,tortilla - Tofu Tacos,800
28,wrap - Falafel Wrap,243
3,bread - Grilled Cheese,307
16,salmon - Baked Salmon with Lemon and Herbs,678
1,postMan - proud-otter-92,786
13,tortilla - Tofu Tacos,584
11,tortilla - Tofu Tacos,996
9,salmon - Grilled Salmon with Roasted Vegetables,13
12,ec2 - From EC2!!!,435
19,chicken breast - Grilled Chicken Salad with Citrus Vinaigrette,670
10,rice noodles - Chicken Phad Thai,9
28,salmon - Baked Salmon with Lemon and Herbs,648
10,tofu - Tofu and Mixed Vegetable Stir-Fry,51
7,salmon - Grilled Salmon with Roasted Vegetables,417
29,salmon - Baked Salmon with Lemon and Herbs,931
28,WebApp - Test web app,275
2,tofu - Tofu and Vegetable Stir Fry,503
1,shrimp - Grilled Shrimp Skewers with Mango Salsa,374
8,beef - Hearty Beef Stew,238
18,steak - Steak with Roasted Potatoes and Green Beans,880
3,chicken - Chicken Fajita Bowl with Cilantro Lime Rice,143
17,vegetarian - Vegetarian Stuffed Bell Peppers,341
2,beef - Hearty Beef Stew,440
3,tortilla - Tofu Tacos,914
24,tofu - Tofu and Mixed Vegetable Stir-Fry,958
23,pasta - Chicken Spaghetti,612
8,WebApp - Test web app,942
19,tofu - Tofu and Mixed Vegetable Stir-Fry,696
5,WebApp - Test web app,799
9,postMan - proud-otter-55,954
13,salmon - Baked Salmon with Lemon and Herbs,659
28,shrimp - Grilled Shrimp Skewers with Mango Salsa,867
10,chicken - Grilled Chicken Salad with Citrus Vinaigrette,283
24,WebApp - From Web App w/new keys,232
15,black beans - Black Bean and Sweet Potato Chili,340
11,tofu - Tofu and Vegetable Stir Fry,633
9,ec2 - From EC2!!!,7
3,salmon - Grilled Salmon with Roasted Vegetables,505
18,tofu - Tofu and Vegetable Stir Fry,205
4,tofu - Tofu and Mixed Vegetable Stir-Fry,206
8,tofu - Tofu and Mixed Vegetable Stir-Fry,209
9,vegetables - Vegetable Soup,806
26,vegetarian - Vegetarian Stuffed Bell Peppers,52
13,postMan - proud-otter-92,600
17,WebApp - Test web app,924
16,tortilla - Tofu Tacos,376
20,vegetarian - Vegetarian Stuffed Bell Peppers,841
6,pasta - Chicken Spaghetti,467
25,chicken - Chicken Parmesan,993
13,postMan - proud-otter-92,192
28,vegetarian - Vegetarian Stuffed Bell Peppers,875
24,ec2 - From EC2!!!,300
2,vegetarian - Vegetarian Stuffed Bell Peppers,962
4,WebApp - Test web app,38
6,rice - Beef and broccoli stir fry,523
28,tofu - Tofu and Mixed Vegetable Stir-Fry,120
15,tofu - Tofu and Mixed Vegetable Stir-Fry,60
1,vegetables - Chicken Soup,807
17,steak - Steak with Roasted Potatoes and Green Beans,994
4,beef - Hearty Beef Stew,864
6,chicken - Chicken Fajita Bowl with Cilantro Lime Rice,731
24,tofu - Tofu and Mixed Vegetable Stir-Fry,365
20,wrap - Falafel Wrap,181
10,chicken breast - Grilled Chicken Salad with Citrus Vinaigrette,935
5,tofu - Tofu and Mixed Vegetable Stir-Fry,138
